Domain,Status,Attractiveness,Demand,Length,Sectors,Created,Expires,Registrar
one.lease,available,132,43%,3,"Business,General,Media,Technology",,,
brief.lease,available,124,19%,5,"Business,Education,General,Law",,,
complete.lease,available,120,21%,8,"Manufacturing,Retail,Technology",,,
second.lease,available,120,23%,6,"General,Mathematics",,,
wizard.lease,available,118,42%,6,"Entertainment,Media,Technology",,,
equal.lease,available,116,19%,5,"Education,General,Law",,,
flat.lease,available,116,23%,4,"Construction,Real Estate",,,
tenth.lease,available,116,7%,5,Mathematics,,,
tonic.lease,available,114,22%,5,"Health and Fitness,Medicine,Science",,,
above.lease,available,112,22%,5,Business,,,
acute.lease,available,112,9%,5,"Mathematics,Medicine,Science",,,
hotshot.lease,available,112,14%,7,"Business,Entertainment,Sports",,,
abiding.lease,available,106,5%,7,"General,Religion",,,
teen.lease,available,104,14%,4,"Education,Entertainment,Healthcare",,,
expert.lease,available,104,26%,6,"Business,Education,Technology",,,
captive.lease,available,102,14%,7,"Entertainment,Hospitality,Technology",,,
absent.lease,available,102,8%,6,"Business,Education,Technology",,,
eight.lease,available,102,23%,5,"General,Mathematics",,,
extra.lease,available,102,26%,5,"Fashion,Retail,Technology",,,
whiz.lease,available,100,12%,4,"Business,Education,Technology",,,
sixth.lease,available,100,8%,5,Mathematics,,,
eighth.lease,available,100,6%,6,Mathematics,,,
third.lease,available,100,15%,5,Mathematics,,,
abrupt.lease,available,100,3%,6,"Medicine,Science",,,
adjunct.lease,available,100,5%,7,Education,,,
remove.lease,available,100,13%,6,"Construction,Manufacturing,Technology",,,
crack.lease,available,100,20%,5,Sports,,,
ninth.lease,available,100,9%,5,Mathematics,,,
whizz.lease,available,98,11%,5,"Business,Education,Technology",,,
alamode.lease,available,96,12%,9,Fashion,,,
forgiving.lease,available,96,3%,9,"Healthcare,Religion",,,
actual.lease,available,96,22%,6,"Real Estate,Retail,Technology",,,
doable.lease,available,96,9%,6,"Business,Education,Technology",,,
academic.lease,available,96,20%,8,"Education,Humanities,Science",,,
about.lease,available,94,28%,5,"Business,General,Media,Technology",,,
virtuoso.lease,available,94,16%,8,"Arts,Entertainment",,,
adequate.lease,available,94,9%,8,"Education,Healthcare,Technology",,,
around.lease,available,94,22%,6,"Business,General,Media,Technology",,,
abject.lease,available,94,7%,6,Humanities,,,
exemplary.lease,available,92,5%,9,"Business,Education,Healthcare",,,
twentieth.lease,available,92,3%,9,Mathematics,,,
neutral.lease,available,92,20%,7,"Business,Media,Politics",,,
nought.lease,available,92,4%,6,Mathematics,,,
abroad.lease,available,92,12%,6,"Hospitality,Travel",,,
adjective.lease,available,92,5%,9,Education,,,
adept.lease,available,92,24%,5,"Education,Health and Fitness,Sports",,,
derelict.lease,available,92,7%,8,"Construction,Real Estate",,,
additional.lease,available,90,8%,10,"Fashion,Retail,Technology",,,
riveting.lease,available,90,6%,8,"Entertainment,Media,Technology",,,
abortive.lease,available,90,1%,8,"Medicine,Science",,,
addictive.lease,available,90,9%,9,Healthcare,,,
leash.lease,available,90,7%,5,"General,Health and Fitness,Retail",,,
gripping.lease,available,90,3%,8,"Entertainment,Media,Technology",,,
endearing.lease,available,90,1%,9,"Entertainment,Fashion,Retail",,,
adoring.lease,available,90,2%,7,"Entertainment,Fashion,Retail",,,
sixteen.lease,available,88,10%,7,Mathematics,,,
wide.lease,available,88,18%,4,"Business,Media,Technology",,,
eleven.lease,available,88,32%,6,Mathematics,,,
proficient.lease,available,88,8%,10,"Education,Health and Fitness,Sports",,,
adlib.lease,available,88,7%,6,Entertainment,,,
fifteen.lease,available,88,13%,7,Mathematics,,,
hundred.lease,available,88,13%,7,Mathematics,,,
actionable.lease,available,88,13%,10,"Business,Law",,,
activist.lease,available,88,12%,8,"Humanities,Politics",,,
three.lease,available,88,23%,5,Mathematics,,,
ten.lease,available,88,27%,3,"General,Mathematics",,,
twelve.lease,available,88,18%,6,"General,Mathematics",,,
intent.lease,available,86,25%,6,"Business,Education,Technology",,,
adolescent.lease,available,86,3%,10,"Education,Entertainment,Healthcare",,,
cipher.lease,available,86,29%,6,Mathematics,,,
attendant.lease,available,86,5%,9,"Healthcare,Hospitality,Transportation",,,
xix.lease,available,86,10%,3,Mathematics,,,
engrossing.lease,available,86,0%,10,"Entertainment,Media,Technology",,,
extempore.lease,available,86,3%,9,Entertainment,,,
xiv.lease,available,86,12%,3,Mathematics,,,
aboriginal.lease,available,86,10%,10,Humanities,,,
recondite.lease,available,86,4%,9,"Arts,Humanities,Science",,,
acting.lease,available,84,12%,6,Entertainment,,,
thousand.lease,available,84,8%,8,Mathematics,,,
adjustable.lease,available,84,3%,10,"Manufacturing,Retail,Technology",,,
thirteen.lease,available,84,10%,8,Mathematics,,,
seventeen.lease,available,84,7%,9,Mathematics,,,
deviate.lease,available,84,12%,7,"Medicine,Science",,,
sharp.lease,available,84,34%,5,"Arts,Fashion",,,
nineteen.lease,available,84,8%,8,Mathematics,,,
fourteen.lease,available,84,8%,8,Mathematics,,,
grand.lease,available,84,25%,5,"Finance,General",,,
accessory.lease,available,84,8%,9,"Fashion,Retail,Technology",,,
twentyone.lease,available,84,13%,10,Mathematics,,,
twentytwo.lease,available,84,10%,10,Mathematics,,,
enduring.lease,available,82,9%,8,"Health and Fitness,Religion",,,
abdominal.lease,available,82,1%,9,"Health and Fitness,Medicine",,,
absorbent.lease,available,82,3%,9,"Healthcare,Manufacturing,Retail",,,
fivesome.lease,available,82,1%,8,Sports,,,
altered.lease,available,82,9%,7,"Medicine,Science",,,
dozen.lease,available,82,10%,5,Mathematics,,,
decade.lease,available,82,10%,6,Mathematics,,,
abroach.lease,available,82,1%,7,Food and Beverage,,,
abkhaz.lease,available,82,1%,6,Geography,,,
impromptu.lease,available,82,16%,9,Entertainment,,,
cleansing.lease,available,82,3%,9,Health and Fitness,,,
abenaki.lease,available,82,2%,7,Geography,,,
absolute.lease,available,80,25%,8,"Engineering,Mathematics,Science",,,
sequent.lease,available,80,7%,7,"Healthcare,Insurance,Transportation",,,
dorsal.lease,available,80,6%,6,"Medicine,Science",,,
adoptable.lease,available,80,3%,9,"Education,Healthcare",,,
wiz.lease,available,80,30%,3,"Business,Education,Technology",,,
some.lease,available,80,32%,4,"Business,Media,Retail",,,
superstar.lease,available,80,18%,9,Entertainment,,,
forty.lease,available,80,9%,5,Mathematics,,,
nine.lease,available,80,24%,4,"General,Mathematics",,,
abundant.lease,available,80,19%,8,"Agriculture,Manufacturing,Retail",,,
seventh.lease,available,80,10%,7,Mathematics,,,
two.lease,available,80,23%,3,Mathematics,,,
absurd.lease,available,80,16%,6,"Arts,Entertainment,Media",,,
capable.lease,available,80,12%,7,"Business,Education,Technology",,,
absorbable.lease,available,80,0%,10,"Healthcare,Pharmaceuticals,Science",,,
able.lease,expiring,80,29%,4,"Business,Education,General,Technology",21/08/2022 23:01,21/08/2025 23:01,"Network Solutions, LLC"
yard.lease,available,80,25%,4,"Construction,General",,,
twenty.lease,available,80,12%,6,Mathematics,,,
trio.lease,available,80,21%,4,Entertainment,,,
worshipful.lease,available,80,1%,10,"Education,Healthcare,Religion",,,
abounding.lease,available,78,2%,9,Agriculture,,,
absorptive.lease,available,78,1%,10,"Healthcare,Manufacturing,Retail",,,
accepted.lease,available,78,6%,8,"Business,Education,Technology",,,
recognized.lease,available,78,3%,10,"Business,Education,Technology",,,
low.lease,available,78,20%,3,"Business,Finance",,,
sixtynine.lease,available,78,8%,10,Mathematics,,,
dormant.lease,available,78,4%,7,"Medicine,Science",,,
adorable.lease,available,78,8%,8,"Entertainment,Fashion,Retail",,,
accidental.lease,available,78,11%,10,"Healthcare,Insurance,Transportation",,,
adjacent.lease,available,78,9%,8,"Construction,Real Estate,Retail",,,
recognised.lease,available,78,3%,10,"Business,Education,Technology",,,
acceptable.lease,available,78,5%,10,"Business,Hospitality,Retail",,,
twentysix.lease,available,78,8%,10,Mathematics,,,
abkhazian.lease,available,78,1%,9,Geography,,,
honestly.lease,available,78,9%,8,"Business,Law",,,
accurate.lease,available,78,16%,8,"Engineering,Mathematics,Science",,,
acceptant.lease,available,78,1%,9,"Education,Healthcare",,,
accessible.lease,available,78,21%,10,"Healthcare,Retail,Technology",,,
adrenal.lease,available,78,4%,7,"Education,Healthcare,Science",,,
abkhasian.lease,available,78,1%,9,Geography,,,
athletic.lease,available,78,15%,8,"Health and Fitness,Sports",,,
fifteenth.lease,available,76,2%,9,Mathematics,,,
adhesive.lease,available,76,7%,8,"Construction,Manufacturing,Technology",,,
adherent.lease,available,76,4%,8,"Politics,Religion",,,
improvise.lease,available,76,4%,9,Entertainment,,,
ventral.lease,available,76,3%,7,Science,,,
adipose.lease,available,76,2%,7,"Healthcare,Science",,,
thirteenth.lease,available,76,3%,10,Mathematics,,,
energizing.lease,available,76,3%,10,"Food and Beverage,Health and Fitness,Travel",,,
auxiliary.lease,available,76,7%,9,"Healthcare,Manufacturing,Technology",,,
diamond.lease,available,76,32%,7,Fashion,,,
threed.lease,available,76,7%,7,Technology,,,
obscene.lease,available,76,5%,7,"Entertainment,Media",,,
fourteenth.lease,available,76,2%,10,Mathematics,,,
hundredth.lease,available,76,1%,9,Mathematics,,,
nineteenth.lease,available,76,3%,10,Mathematics,,,
thousandth.lease,available,76,1%,10,Mathematics,,,
ague.lease,available,76,2%,4,"Geography,Medicine,Science",,,
incidental.lease,available,76,4%,10,"Healthcare,Insurance,Transportation",,,
adaptive.lease,available,76,28%,8,"Business,Education,Technology",,,
adaptable.lease,available,76,9%,9,"Business,Education,Technology",,,
firstrate.lease,available,76,6%,10,Business,,,
resultant.lease,available,76,2%,9,"Healthcare,Insurance,Transportation",,,
addable.lease,available,76,2%,7,"Engineering,Mathematics,Science",,,
abrasive.lease,available,76,6%,8,"Construction,Manufacturing",,,
acoustic.lease,available,76,14%,8,Science,,,
eighteen.lease,available,76,7%,8,Mathematics,,,
ancillary.lease,available,76,6%,9,"Healthcare,Manufacturing,Technology",,,
acuate.lease,available,74,2%,6,"Engineering,Medicine,Science",,,
adamant.lease,available,74,14%,7,Religion,,,
achievable.lease,available,74,4%,10,"Business,Education,Technology",,,
realizable.lease,available,74,1%,10,"Business,Education,Technology",,,
admirable.lease,available,74,5%,9,"Business,Education,Healthcare",,,
broad.lease,available,74,13%,5,"Entertainment,General,Media",,,
supra.lease,available,74,25%,5,"Medicine,Science",,,
adrenergic.lease,available,74,1%,10,"Education,Healthcare,Science",,,
adenoid.lease,available,74,1%,7,"Health and Fitness,Medicine,Science",,,
abnormal.lease,available,74,16%,8,"Medicine,Science",,,
activated.lease,available,74,9%,9,"Healthcare,Manufacturing,Technology",,,
skilful.lease,available,74,3%,7,"Education,Health and Fitness,Sports",,,
playing.lease,available,74,12%,7,Entertainment,,,
accepting.lease,available,74,3%,9,"Education,Healthcare",,,
cleared.lease,available,74,7%,7,"Healthcare,Law,Transportation",,,
aberrant.lease,available,74,6%,8,"Medicine,Science",,,
manageable.lease,available,74,4%,10,"Business,Education,Technology",,,
sensation.lease,available,74,7%,9,"Entertainment,Media,Sports",,,
single.lease,available,74,19%,6,Sports,,,
adapted.lease,available,74,6%,7,"Healthcare,Manufacturing,Technology",,,
mavin.lease,available,74,7%,5,"Entertainment,Fashion,Technology",,,
adaptative.lease,available,72,1%,10,"Business,Education,Technology",,,
lovely.lease,available,72,26%,6,"Entertainment,Fashion,Retail",,,
aching.lease,available,72,4%,6,Healthcare,,,
champion.lease,available,72,28%,8,"Entertainment,Health and Fitness,Sports",,,
absorbed.lease,available,72,2%,8,"Entertainment,Media,Technology",,,
adjunctive.lease,available,72,1%,10,"Healthcare,Manufacturing,Technology",,,
sixtieth.lease,available,72,1%,8,Mathematics,,,
ablaze.lease,available,72,6%,6,Entertainment,,,
accustomed.lease,available,72,1%,10,"Business,Education,Humanities",,,
abloom.lease,available,72,5%,6,Agriculture,,,
deep.lease,available,72,41%,4,"Engineering,Mathematics,Science",,,
abreast.lease,available,72,2%,7,"Business,Technology",,,
eightieth.lease,available,72,1%,9,Mathematics,,,
absolutist.lease,available,72,1%,10,"Humanities,Law,Politics",,,
adjectival.lease,available,72,1%,10,Education,,,
improvize.lease,available,72,1%,9,Entertainment,,,
existent.lease,available,72,3%,8,"Mathematics,Science",,,
trey.lease,available,72,13%,4,Sports,,,
accusative.lease,available,72,0%,10,"Humanities,Law",,,
addicted.lease,available,72,9%,8,Healthcare,,,
adonic.lease,available,72,2%,6,"Arts,Education,Entertainment",,,
ninetieth.lease,available,72,1%,9,Mathematics,,,
adiabatic.lease,available,72,3%,9,"Engineering,Science",,,
seventieth.lease,available,72,1%,10,Mathematics,,,
trinity.lease,available,72,18%,7,Religion,,,
ternary.lease,available,72,7%,7,Mathematics,,,
engrossed.lease,available,72,1%,9,"Entertainment,Media,Technology",,,
liv.lease,available,72,28%,3,Mathematics,,,
accumbent.lease,available,70,1%,9,"Healthcare,Medicine,Science",,,
admired.lease,available,70,5%,7,"Business,Education,Healthcare",,,
skillful.lease,available,70,9%,8,"Education,Health and Fitness,Sports",,,
acuminate.lease,available,70,1%,9,"Engineering,Medicine,Science",,,
practiced.lease,available,70,3%,9,"Education,Health and Fitness,Sports",,,
abradant.lease,available,70,1%,8,"Construction,Manufacturing",,,
adored.lease,available,70,6%,6,"Entertainment,Fashion,Retail",,,
unity.lease,available,70,38%,5,Mathematics,,,
tiptop.lease,available,70,24%,6,Fashion,,,
recumbent.lease,available,70,2%,9,"Healthcare,Medicine,Science",,,
absorbing.lease,available,70,3%,9,"Entertainment,Media,Technology",,,
lowdown.lease,available,70,6%,8,"Entertainment,Media",,,
miserable.lease,available,70,4%,9,Humanities,,,
abulic.lease,available,70,1%,6,Medicine,,,
stillborn.lease,available,70,2%,9,"Medicine,Science",,,
gymnastic.lease,available,70,3%,9,"Entertainment,Sports",,,
adjusted.lease,available,70,5%,8,"Manufacturing,Retail,Technology",,,
offhand.lease,available,70,2%,7,Entertainment,,,
consequent.lease,available,70,3%,10,"Business,Education,General,Technology",,,
adamantine.lease,available,70,4%,10,Religion,,,
accredited.lease,available,68,9%,10,"Business,Education,Healthcare",,,
abnaki.lease,available,68,1%,6,Geography,,,
abducent.lease,available,68,0%,8,Medicine,,,
acerate.lease,available,68,1%,7,Science,,,
aculeate.lease,available,68,1%,8,"Engineering,Medicine,Science",,,
fiftieth.lease,available,68,1%,8,Mathematics,,,
activating.lease,available,68,3%,10,"Healthcare,Manufacturing,Technology",,,
thirtieth.lease,available,68,1%,9,Mathematics,,,
foursome.lease,available,68,4%,8,Sports,,,
scurvy.lease,available,68,3%,6,Humanities,,,
threesome.lease,available,68,5%,9,Entertainment,,,
achaian.lease,available,68,2%,7,Humanities,,,
ablative.lease,available,68,3%,8,Science,,,
disciple.lease,available,68,14%,8,"Education,Religion",,,
sevener.lease,available,68,1%,7,Mathematics,,,
overseas.lease,available,68,12%,8,"Hospitality,Travel",,,
fortieth.lease,available,68,1%,8,Mathematics,,,
licenced.lease,available,68,2%,8,"Business,Healthcare,Insurance",,,
aberdonian.lease,available,68,1%,10,Geography,,,
decorated.lease,available,68,3%,9,"Entertainment,Fashion,Retail",,,
ane.lease,available,68,12%,3,Mathematics,,,
septenary.lease,available,68,2%,9,Mathematics,,,
achaean.lease,available,68,2%,7,Humanities,,,
aroused.lease,available,68,3%,7,"Entertainment,Health and Fitness",,,
vindicated.lease,available,68,2%,10,"Humanities,Law,Politics",,,
licensed.lease,available,68,5%,8,"Business,Healthcare,Insurance",,,
octonary.lease,available,68,1%,8,Mathematics,,,
stygian.lease,available,68,5%,7,Humanities,,,
ennead.lease,available,68,5%,6,Mathematics,,,
abkhas.lease,available,68,0%,6,Geography,,,
latest.lease,available,66,18%,6,Technology,,,
according.lease,available,66,3%,9,"Business,Education,Technology",,,
thirty.lease,available,66,7%,6,Mathematics,,,
xvi.lease,available,66,4%,3,Mathematics,,,
accessary.lease,available,66,1%,9,"Business,Law,Technology",,,
xviii.lease,available,66,4%,5,Mathematics,,,
xiii.lease,available,66,9%,4,Mathematics,,,
xxii.lease,available,66,6%,4,Mathematics,,,
acrobatic.lease,available,66,4%,9,"Entertainment,Sports",,,
acervate.lease,available,66,1%,8,Science,,,
modish.lease,available,66,5%,6,Fashion,,,
century.lease,available,66,17%,7,Education,,,
xxi.lease,available,66,10%,3,Mathematics,,,
clv.lease,available,66,10%,3,Mathematics,,,
deuce.lease,available,66,8%,5,Sports,,,
exonerated.lease,available,66,2%,10,"Humanities,Law,Politics",,,
xxvi.lease,available,66,3%,4,Mathematics,,,
fifty.lease,available,66,13%,5,Mathematics,,,
sextet.lease,available,66,2%,6,Entertainment,,,
adopted.lease,available,66,4%,7,"Education,Healthcare",,,
performing.lease,available,66,6%,10,Entertainment,,,
tenner.lease,available,66,4%,6,Finance,,,
adorned.lease,available,66,5%,7,"Entertainment,Fashion,Retail",,,
xvii.lease,available,66,5%,4,Mathematics,,,
onec.lease,available,66,6%,5,Mathematics,,,
six.lease,available,66,26%,3,Mathematics,,,
buzzing.lease,available,66,7%,7,"Entertainment,Media,Technology",,,
abstinent.lease,available,66,1%,9,"Health and Fitness,Religion",,,
eighty.lease,available,66,6%,6,Mathematics,,,
xii.lease,available,66,10%,3,Mathematics,,,
five.lease,available,66,26%,4,Mathematics,,,
ninety.lease,available,66,11%,6,Mathematics,,,
teenager.lease,available,66,4%,8,"Education,Entertainment,Healthcare",,,
acappella.lease,available,66,6%,10,Entertainment,,,
xxv.lease,available,66,6%,3,Mathematics,,,
four.lease,available,66,27%,4,Mathematics,,,
astringent.lease,available,64,1%,10,"Healthcare,Pharmaceuticals",,,
scatty.lease,available,64,1%,6,"Arts,Entertainment,Media",,,
absolved.lease,available,64,1%,8,"Humanities,Law,Religion",,,
accordant.lease,available,64,3%,9,"Arts,Entertainment",,,
adagio.lease,available,64,14%,6,Entertainment,,,
deviant.lease,available,64,12%,7,"Medicine,Science",,,
acentric.lease,available,64,2%,8,Science,,,
nondrinker.lease,available,64,1%,10,"Health and Fitness,Religion",,,
aflame.lease,available,64,3%,6,Entertainment,,,
rising.lease,available,64,18%,6,"Construction,Manufacturing,Real Estate",,,
twodozen.lease,available,62,1%,9,Mathematics,,,
activistic.lease,available,62,1%,10,"Humanities,Politics",,,
troika.lease,available,62,8%,6,Politics,,,
chiliad.lease,available,62,2%,7,Mathematics,,,
ensuant.lease,available,62,1%,7,"Healthcare,Insurance,Transportation",,,
longdozen.lease,available,62,1%,10,Mathematics,,,
cumulative.lease,available,62,2%,10,"Banking,Finance,Insurance",,,
aufait.lease,available,62,3%,7,"Fashion,Media",,,
acidic.lease,available,62,5%,6,"Food and Beverage,Science",,,
quartet.lease,available,62,7%,7,"Arts,Entertainment",,,
playacting.lease,available,62,1%,10,Entertainment,,,
adjuvant.lease,available,62,5%,8,"Healthcare,Manufacturing,Technology",,,
adoptive.lease,available,62,1%,8,"Education,Healthcare",,,
orso.lease,available,62,9%,5,"Business,Media,Technology",,,
roughly.lease,available,62,3%,7,"Business,Media,Technology",,,
sixteenth.lease,available,62,1%,9,Mathematics,,,
pungent.lease,available,62,1%,7,Food and Beverage,,,
wrapped.lease,available,62,13%,7,"Fashion,Hospitality,Retail",,,
abo.lease,available,62,15%,3,Science,,,
admissible.lease,available,62,1%,10,"Education,Healthcare,Law",,,
nail.lease,available,62,16%,4,"Construction,Fashion,General,Retail",,,
fortyfour.lease,available,62,6%,10,Mathematics,,,
accrued.lease,available,62,2%,7,"Banking,Finance,Insurance",,,
eleventh.lease,available,62,5%,8,Mathematics,,,
aborigine.lease,available,62,1%,9,Humanities,,,
activation.lease,available,62,16%,10,"Healthcare,Manufacturing,Technology",,,
accusing.lease,available,62,1%,8,Law,,,
eighteenth.lease,available,62,1%,10,Mathematics,,,
exculpated.lease,available,62,1%,10,"Humanities,Law,Politics",,,
adnate.lease,available,60,1%,6,"Agriculture,Manufacturing,Retail",,,
clxx.lease,available,60,2%,4,Mathematics,,,
cxv.lease,available,60,4%,3,Mathematics,,,
aboveboard.lease,available,60,5%,10,"Business,Law",,,
octet.lease,available,60,12%,5,Arts,,,
abstainer.lease,available,60,0%,9,"Health and Fitness,Religion",,,
abstemious.lease,available,60,0%,10,"Food and Beverage,Health and Fitness,Hospitality",,,
cxl.lease,available,60,7%,3,Mathematics,,,
paunchy.lease,available,60,0%,7,"Health and Fitness,Medicine",,,
cxxxv.lease,available,60,1%,5,Mathematics,,,
cxxv.lease,available,60,1%,4,Mathematics,,,
acceptive.lease,available,60,1%,9,"Education,Healthcare",,,
cxxx.lease,available,60,3%,4,Mathematics,,,
tertiary.lease,available,60,4%,8,Education,,,
sixty.lease,available,60,13%,5,Mathematics,,,
adnexal.lease,available,60,1%,7,"Agriculture,Manufacturing,Retail",,,
xcl.lease,available,60,5%,3,Mathematics,,,
cautionary.lease,available,60,1%,10,"Business,Education,Healthcare",,,
eightysix.lease,available,60,7%,10,Mathematics,,,
thou.lease,available,60,7%,4,Mathematics,,,
clxv.lease,available,60,1%,4,Mathematics,,,
cxx.lease,available,60,9%,3,Mathematics,,,
annexal.lease,available,60,1%,7,"Agriculture,Manufacturing,Retail",,,
clxxx.lease,available,60,1%,5,Mathematics,,,
idolised.lease,available,60,1%,8,"Entertainment,Fashion,Retail",,,
abashed.lease,available,60,1%,7,Humanities,,,
cxlv.lease,available,60,2%,4,Mathematics,,,
clx.lease,available,60,8%,3,Mathematics,,,
idolized.lease,available,60,3%,8,"Entertainment,Fashion,Retail",,,
clxxv.lease,available,60,1%,5,Mathematics,,,
tercet.lease,available,59,2%,6,"Arts,Entertainment,Media",,,
octad.lease,available,58,5%,5,Mathematics,,,
abuzz.lease,available,58,5%,5,"Entertainment,Media,Technology",,,
closeto.lease,available,58,3%,8,"Business,Media,Technology",,,
fifth.lease,available,58,12%,5,Mathematics,,,
heptad.lease,available,58,2%,6,Mathematics,,,
pentad.lease,available,58,3%,6,Mathematics,,,
twelfth.lease,available,58,2%,7,Mathematics,,,
linear.lease,available,58,22%,6,"Engineering,Mathematics,Science",,,
alacarte.lease,available,58,11%,10,Food and Beverage,,,
accoutred.lease,available,58,1%,9,"Fashion,Manufacturing,Retail",,,
enwrapped.lease,available,58,0%,9,"Entertainment,Fashion,Media",,,
eighter.lease,available,58,2%,7,Mathematics,,,
lxxviii.lease,available,58,1%,7,Mathematics,,,
acetic.lease,available,58,1%,6,"Food and Beverage,Science",,,
seven.lease,available,58,35%,5,Mathematics,,,
aucourant.lease,available,58,3%,10,"Fashion,Media",,,
accented.lease,available,58,3%,8,"Arts,Entertainment",,,
adhoc.lease,available,58,24%,6,"Business,Engineering,Technology",,,
tetrad.lease,available,58,5%,6,Mathematics,,,
fourscore.lease,available,58,4%,9,Mathematics,,,
offhanded.lease,available,58,1%,9,Entertainment,,,
ache.lease,available,58,7%,4,Healthcare,,,
seventy.lease,available,58,7%,7,Mathematics,,,
niner.lease,available,58,5%,5,Mathematics,,,
sixer.lease,available,58,5%,5,Sports,,,
acyclic.lease,available,58,4%,7,"Engineering,Mathematics,Science",,,
sextuplet.lease,available,58,1%,9,Healthcare,,,
fourth.lease,available,58,13%,6,Mathematics,,,
addible.lease,available,58,2%,7,"Engineering,Mathematics,Science",,,
cypher.lease,available,58,28%,6,Mathematics,,,
adjustive.lease,available,58,1%,9,"Manufacturing,Retail,Technology",,,
justabout.lease,available,58,3%,10,"Business,Media,Technology",,,
sixtyone.lease,available,58,5%,9,Mathematics,,,
super.lease,available,58,47%,5,Business,,,
adient.lease,available,58,4%,6,"Medicine,Science",,,
abused.lease,available,58,5%,6,"Healthcare,Law",,,
actuarial.lease,available,58,8%,9,"Finance,Insurance,Mathematics",,,
abandoned.lease,available,58,10%,9,"Construction,Real Estate",,,
abridged.lease,available,58,4%,8,Media,,,
centesimal.lease,available,58,1%,10,Mathematics,,,
accretive.lease,available,58,6%,9,"Banking,Finance,Insurance",,,
quintet.lease,available,58,8%,7,"Arts,Entertainment",,,
hexad.lease,available,58,5%,5,Mathematics,,,
lxxx.lease,available,58,2%,4,Mathematics,,,
addressed.lease,available,58,3%,9,"Business,Technology,Telecommunications",,,
admittable.lease,available,56,1%,10,"Education,Healthcare,Hospitality",,,
fiftynine.lease,available,56,4%,10,Mathematics,,,
halfdozen.lease,available,56,1%,10,Mathematics,,,
accoutered.lease,available,56,0%,10,"Fashion,Manufacturing,Retail",,,
xxxii.lease,available,56,1%,5,Mathematics,,,
fortynine.lease,available,56,3%,10,Mathematics,,,
xlv.lease,available,56,6%,3,Mathematics,,,
fortytwo.lease,available,56,17%,9,Mathematics,,,
fiftyfour.lease,available,56,4%,10,Mathematics,,,
xxxi.lease,available,56,8%,4,Mathematics,,,
xxix.lease,available,56,4%,4,Mathematics,,,
admittible.lease,available,56,1%,10,"Education,Healthcare,Hospitality",,,
fiftyone.lease,available,56,8%,9,Mathematics,,,
thirtytwo.lease,available,56,4%,10,Mathematics,,,
xliii.lease,available,56,1%,5,Mathematics,,,
xxxiii.lease,available,56,2%,6,Mathematics,,,
abdominous.lease,available,56,0%,10,"Health and Fitness,Medicine",,,
lvi.lease,available,56,8%,3,Mathematics,,,
xxxvi.lease,available,56,1%,5,Mathematics,,,
xlvii.lease,available,56,2%,5,Mathematics,,,
fortyone.lease,available,56,5%,9,Mathematics,,,
appressed.lease,available,56,0%,9,"Agriculture,Manufacturing,Retail",,,
xxxiv.lease,available,56,1%,5,Mathematics,,,
maledict.lease,available,56,1%,8,Religion,,,
xlviii.lease,available,56,1%,6,Mathematics,,,
xli.lease,available,56,5%,3,Mathematics,,,
addled.lease,available,56,2%,6,Entertainment,,,
ilx.lease,available,56,6%,3,Mathematics,,,
thirtyone.lease,available,56,4%,10,Mathematics,,,
terzetto.lease,available,56,3%,8,Arts,,,
liii.lease,available,56,4%,4,Mathematics,,,
xxiv.lease,available,56,5%,4,Mathematics,,,
xxvii.lease,available,56,3%,5,Mathematics,,,
lii.lease,available,56,7%,3,Mathematics,,,
lviii.lease,available,56,1%,5,Mathematics,,,
fiftytwo.lease,available,56,6%,9,Mathematics,,,
xliv.lease,available,56,3%,4,Mathematics,,,
admissive.lease,available,56,1%,9,"Education,Healthcare,Hospitality",,,
fiftysix.lease,available,56,4%,9,Mathematics,,,
fortysix.lease,available,56,4%,9,Mathematics,,,
xxiii.lease,available,56,4%,5,Mathematics,,,
xxxvii.lease,available,56,2%,6,Mathematics,,,
xxxv.lease,available,56,4%,4,Mathematics,,,
aone.lease,available,56,15%,5,Food and Beverage,,,
xxviii.lease,available,56,1%,6,Mathematics,,,
xxxviii.lease,available,56,1%,7,Mathematics,,,
abeyant.lease,available,56,1%,7,"Business,Law",,,
thirtysix.lease,available,56,5%,10,Mathematics,,,
xlii.lease,available,56,5%,4,Mathematics,,,
potbellied.lease,available,56,0%,10,"Health and Fitness,Medicine",,,
triad.lease,available,56,15%,5,Arts,,,
xlvi.lease,available,56,3%,4,Mathematics,,,
fiftyfive.lease,available,56,8%,10,Mathematics,,,
lvii.lease,available,56,2%,4,Mathematics,,,
ternion.lease,available,54,3%,7,Mathematics,,,
quadruplet.lease,available,54,1%,10,"Healthcare,Medicine,Science",,,
deserted.lease,available,54,3%,8,"Hospitality,Real Estate",,,
achromatic.lease,available,54,4%,10,Science,,,
fortyfive.lease,available,54,5%,10,Mathematics,,,
adductive.lease,available,54,0%,9,"Engineering,Mathematics,Science",,,
vii.lease,available,54,13%,3,Mathematics,,,
abatic.lease,available,54,1%,6,Science,,,
adjuratory.lease,available,54,0%,10,"Law,Politics,Religion",,,
acoustical.lease,available,54,4%,10,Science,,,
viii.lease,available,54,6%,4,Mathematics,,,
admonitory.lease,available,54,0%,10,"Business,Education,Healthcare",,,
monitory.lease,available,54,3%,8,"Business,Education,Healthcare",,,
actuated.lease,available,54,2%,8,"Automotive,Manufacturing,Technology",,,
unnatural.lease,available,54,4%,9,"Medicine,Science",,,
quaternion.lease,available,54,6%,10,Mathematics,,,
aboral.lease,available,54,2%,6,Science,,,
sise.lease,available,54,5%,4,Mathematics,,,
topnotch.lease,available,54,18%,8,Business,,,
abient.lease,available,54,1%,6,Science,,,
scratchy.lease,available,54,3%,8,Fashion,,,
iii.lease,available,54,24%,3,Mathematics,,,
quintuplet.lease,available,54,1%,10,"Healthcare,Medicine,Science",,,
accursed.lease,available,54,3%,8,"Entertainment,Media,Religion",,,
accentual.lease,available,54,3%,9,"Arts,Entertainment",,,
deuceace.lease,available,54,1%,9,Sports,,,
abaxial.lease,available,54,1%,7,Science,,,
fin.lease,resell,54,30%,3,Finance,21/10/2024 19:48,21/10/2025 19:48,"Sav.com, LLC"
threescore.lease,available,54,2%,10,Mathematics,,,
abhorrent.lease,available,54,1%,9,Humanities,,,
adpressed.lease,available,54,0%,9,"Agriculture,Manufacturing,Retail",,,
abasic.lease,available,54,1%,6,Science,,,
abatable.lease,available,54,1%,8,Law,,,
adaxial.lease,available,54,2%,7,Science,,,
twoscore.lease,available,54,2%,8,Mathematics,,,
adducting.lease,available,54,1%,9,"Engineering,Mathematics,Science",,,
quatern.lease,available,54,2%,7,Mathematics,,,
adducent.lease,available,54,1%,8,"Engineering,Mathematics,Science",,,
achy.lease,available,54,3%,4,Healthcare,,,
quaternity.lease,available,54,4%,10,Mathematics,,,
abducens.lease,available,54,1%,8,Medicine,,,
septet.lease,available,53,1%,6,General,,,
xxx.lease,available,53,30%,3,"Arts,Entertainment,Media",,,
sestet.lease,available,53,1%,6,Arts,,,
eightyone.lease,available,52,3%,10,Mathematics,,,
tierce.lease,available,52,3%,6,General,,,
lxiii.lease,available,52,2%,5,Mathematics,,,
lxxxvii.lease,available,52,1%,7,Mathematics,,,
odious.lease,available,52,2%,6,"Entertainment,Humanities",,,
lxxi.lease,available,52,2%,4,Mathematics,,,
sixtyfour.lease,available,52,4%,10,Mathematics,,,
chagrined.lease,available,52,1%,9,Humanities,,,
littlejoe.lease,available,52,2%,10,"Entertainment,Media",,,
lxxvi.lease,available,52,1%,5,Mathematics,,,
xcviii.lease,available,52,1%,6,Mathematics,,,
lxxiii.lease,available,52,2%,6,Mathematics,,,
lxv.lease,available,52,5%,3,Mathematics,,,
ninetysix.lease,available,52,4%,10,Mathematics,,,
lxiv.lease,available,52,3%,4,Mathematics,,,
ixc.lease,available,52,5%,3,Mathematics,,,
lxxxvi.lease,available,52,1%,6,Mathematics,,,
lxxvii.lease,available,52,2%,6,Mathematics,,,
sixtytwo.lease,available,52,3%,9,Mathematics,,,
abstruse.lease,available,52,5%,8,"Humanities,Mathematics,Science",,,
detestable.lease,available,52,1%,10,Humanities,,,
ixl.lease,available,52,9%,3,Mathematics,,,
ninetyone.lease,available,52,5%,10,Mathematics,,,
uphill.lease,available,52,7%,6,"Sports,Transportation,Travel",,,
eightytwo.lease,available,52,4%,10,Mathematics,,,
xciv.lease,available,52,2%,4,Mathematics,,,
lxxxv.lease,available,52,1%,5,Mathematics,,,
lxii.lease,available,52,2%,4,Mathematics,,,
lxviii.lease,available,52,2%,6,Mathematics,,,
abysmal.lease,available,52,4%,7,"Arts,Entertainment,Media",,,
sixtyfive.lease,available,52,3%,10,Mathematics,,,
adenoidal.lease,available,52,1%,9,"Health and Fitness,Medicine,Science",,,
abominable.lease,available,52,2%,10,"Entertainment,Humanities",,,
xcii.lease,available,52,2%,4,Mathematics,,,
lxxxiv.lease,available,52,1%,6,Mathematics,,,
xciii.lease,available,52,1%,5,Mathematics,,,
lxxxi.lease,available,52,1%,5,Mathematics,,,
repulsive.lease,available,52,1%,9,Humanities,,,
lxxiv.lease,available,52,1%,5,Mathematics,,,
abusive.lease,available,52,3%,7,"Healthcare,Law",,,
repugnant.lease,available,52,1%,9,Humanities,,,
lxxv.lease,available,52,2%,4,Mathematics,,,
sixtysix.lease,available,52,5%,9,Mathematics,,,
xcv.lease,available,52,7%,3,Mathematics,,,
ablated.lease,available,52,1%,7,Science,,,
lxvii.lease,available,52,1%,5,Mathematics,,,
lxxii.lease,available,52,1%,5,Mathematics,,,
decumbent.lease,available,52,1%,9,"Healthcare,Medicine,Science",,,
lxxxiii.lease,available,52,1%,7,Mathematics,,,
aboulic.lease,available,52,1%,7,Medicine,,,
lxi.lease,available,52,5%,3,Mathematics,,,
xcvii.lease,available,52,1%,5,Mathematics,,,
lxvi.lease,available,52,3%,4,Mathematics,,,
ninetytwo.lease,available,52,4%,10,Mathematics,,,
xci.lease,available,52,4%,3,Mathematics,,,
xcvi.lease,available,52,2%,4,Mathematics,,,
lxxxii.lease,available,52,1%,6,Mathematics,,,
abomasal.lease,available,50,0%,8,Agriculture,,,
ogdoad.lease,available,50,1%,6,Mathematics,,,
gillless.lease,available,50,0%,9,Science,,,
trine.lease,available,50,11%,5,"General,Religion",,,
abbatial.lease,available,50,0%,8,Religion,,,
needlelike.lease,available,50,0%,10,"Engineering,Medicine,Science",,,
adactylous.lease,available,50,0%,10,Science,,,
acetous.lease,available,50,1%,7,Science,,,
aculeated.lease,available,50,0%,9,"Engineering,Medicine,Science",,,
acellular.lease,available,50,1%,9,Science,,,
acapnotic.lease,available,50,0%,9,"Healthcare,Medicine,Science",,,
spinous.lease,available,50,1%,7,"Agriculture,Science",,,
triplet.lease,available,50,8%,7,Science,,,
quint.lease,available,50,13%,5,"Arts,Entertainment",,,
acerbic.lease,available,50,2%,7,"Arts,Humanities,Media",,,
lxx.lease,available,50,5%,3,Mathematics,,,
adhominem.lease,available,50,2%,10,"Humanities,Law,Politics",,,
acquitted.lease,available,50,1%,9,Law,,,
acetose.lease,available,50,1%,7,Science,,,
scummy.lease,available,50,1%,6,Humanities,,,
broached.lease,available,50,0%,8,Food and Beverage,,,
abactinal.lease,available,50,0%,9,Science,,,
aborticide.lease,available,50,0%,10,Medicine,,,
abranchial.lease,available,50,0%,10,Science,,,
abducting.lease,available,50,0%,9,Medicine,,,
acaudal.lease,available,50,1%,7,"Agriculture,Science",,,
acapnic.lease,available,50,0%,7,"Healthcare,Medicine,Science",,,
acerb.lease,available,50,2%,5,Science,,,
abdicable.lease,available,50,0%,9,Law,,,
cinque.lease,available,50,7%,6,Mathematics,,,
vinegary.lease,available,50,1%,8,Food and Beverage,,,
acerose.lease,available,50,1%,7,Science,,,
ilxx.lease,available,48,1%,4,Mathematics,,,
lxxxviii.lease,available,48,1%,8,Mathematics,,,
ilxxx.lease,available,48,1%,5,Mathematics,,,
notguilty.lease,available,48,5%,10,Law,,,
abstracted.lease,available,48,5%,10,"Arts,Humanities,Science",,,
apriori.lease,available,48,13%,8,Mathematics,,,
abyssal.lease,available,48,12%,7,"Arts,Entertainment,Media",,,
execrable.lease,available,48,0%,9,"Entertainment,Humanities",,,
acapnial.lease,available,46,0%,8,"Healthcare,Medicine,Science",,,
acarpous.lease,available,46,0%,8,"Agriculture,Science",,,
quaternary.lease,available,46,3%,10,Mathematics,,,
acetonic.lease,available,46,1%,8,Science,,,
acaudate.lease,available,46,1%,8,"Agriculture,Science",,,
acanthous.lease,available,46,0%,9,"Agriculture,Science",,,
stemless.lease,available,46,2%,8,"Agriculture,Science",,,
acephalous.lease,available,46,1%,10,Science,,,
acarpelous.lease,available,46,0%,10,"Agriculture,Science",,,
acetylenic.lease,available,46,1%,10,Science,,,
acetylic.lease,available,46,1%,8,Science,,,
achromous.lease,available,46,1%,9,Science,,,
achenial.lease,available,46,1%,8,Science,,,
acanthotic.lease,available,46,0%,10,"Agriculture,Science",,,
acicular.lease,available,46,2%,8,Science,,,
vinegarish.lease,available,46,1%,10,Food and Beverage,,,
acetabular.lease,available,46,1%,10,Science,,,
acanthoid.lease,available,46,1%,9,"Agriculture,Science",,,
achromic.lease,available,46,2%,8,Science,,,
acheronian.lease,available,46,1%,10,Humanities,,,
stripling.lease,available,46,2%,9,"Education,Entertainment,Healthcare",,,
theabsurd.lease,available,46,1%,10,"Arts,Entertainment,Media",,,
cotyloid.lease,available,46,1%,8,Science,,,
cotyloidal.lease,available,44,1%,10,Science,,,
accusatory.lease,available,44,1%,10,Law,,,
acherontic.lease,available,44,1%,10,Humanities,,,
abscessed.lease,available,41,0%,9,Healthcare,,,
phoebe.lease,available,41,14%,6,Science,,,
accusive.lease,available,40,1%,8,Law,,,
accurst.lease,available,40,1%,7,Religion,,,
scurrilous.lease,available,40,1%,10,"Entertainment,Media,Politics",,,